{"cameraMode":{"drawMode":0,"name":"Shaded","section":"Shading Mode"},"sceneLighting":true,"audioPlay":false,"sceneViewState":{"m_AlwaysRefresh":false,"showFog":true,"showSkybox":true,"showFlares":true,"showImageEffects":true,"showParticleSystems":true,"showVisualEffectGraphs":true,"m_FxEnabled":true},"in2DMode":false,"pivot":{"x":499.5335388183594,"y":22.186357498168947,"z":373.0757141113281},"rotation":{"x":0.29093554615974429,"y":0.5327352285385132,"z":-0.20167842507362367,"w":0.7687890529632568},"size":3.3948192596435549,"orthographic":false}